"What are the best dorms for freshmen at CU Boulder?","question"
"Does anyone know quiet study spots on campus?","question"
"How hard is CSCI 1300 for someone new to programming?","question"
"Is it worth bringing a car to campus freshman year?","question"
"What dining hall has the best food?","question"
"How does the housing waitlist usually work for transfer students?","question"
"Are parking permits actually worth the price?","question"
"What are good clubs for meeting people as a transfer student?","question"
"How early should I register for classes?","question"
"Which dorm is best for Arts and Sciences students?","question"
"Use the bus if you can because parking near campus is expensive.","advice"
"Go to office hours early in the semester, not only when you are failing.","advice"
"Try to register for classes as soon as your enrollment window opens.","advice"
"Get involved in clubs if you want to make friends outside your dorm.","advice"
"Bring good walking shoes because campus is bigger than it looks.","advice"
"Check Rate My Professors, but do not rely on it completely.","advice"
"Use Norlin or the math library if you need a quieter place to study.","advice"
"Do not wait until the last minute to look for off-campus housing.","advice"
"Take advantage of the free RTD pass as a student.","advice"
"If you live far from main campus, biking or busing is usually easier than driving.","advice"
"I transferred to CU Boulder during my sophomore year and it was one of the best decisions I have made.","experience"
"My first semester was much harder than I expected academically.","experience"
"I lived in Kittredge and really enjoyed being away from the busiest parts of campus.","experience"
"I struggled to make friends at first, but joining clubs helped a lot.","experience"
"I commuted from Denver and the bus was more reliable than I expected.","experience"
"I spent most of my study time in Norlin Library and it worked well for me.","experience"
"I lived in Williams Village and ended up liking it more than most people expected.","experience"
"My registration time was late and I had trouble getting the classes I wanted.","experience"
"I worked part-time while taking classes and time management became very important.","experience"
"I was nervous about transferring, but I adjusted after the first few weeks.","experience"
"Parking permits are ridiculously expensive for students.","opinion"
"The C4C food is overrated.","opinion"
"Boulder is a great college town.","opinion"
"The university does not provide enough affordable housing options.","opinion"
"Registration can be frustrating when popular classes fill immediately.","opinion"
"Living on campus is overpriced compared to some off-campus options.","opinion"
"The free bus system is one of the best benefits of being a student.","opinion"
"CU Boulder has far more opportunities than many smaller schools.","opinion"
"Finding parking near campus is a constant headache.","opinion"
"The mountain views almost make the high cost of living worth it.","opinion"
"What is the easiest way to get from Williams Village to main campus?","question"
"Are there any good off-campus apartments near CU Boulder?","question"
"Which freshman dorm is the most social?","question"
"How competitive is it to get into the engineering program?","question"
"Where can I find free tutoring on campus?","question"
"Is it difficult to get classes as a transfer student?","question"
"What are the best places to eat around campus on a budget?","question"
"Does anyone have recommendations for easy humanities electives?","question"
"How safe is it to bike around Boulder at night?","question"
"Are there any good on-campus jobs for students?","question"
"Buy your textbooks used whenever possible.","advice"
"Talk to your academic advisor before making major schedule changes.","advice"
"Join study groups early instead of waiting until exams.","advice"
"Use Ralphie's List when searching for off-campus housing.","advice"
"Leave extra time between classes if they are on opposite sides of campus.","advice"
"Attend the involvement fair if you want to find clubs quickly.","advice"
"Try several study locations before settling on your favorite one.","advice"
"Take advantage of professor office hours even if you do not have questions.","advice"
"Keep track of registration dates so you do not miss important deadlines.","advice"
"Consider living with roommates to reduce housing costs.","advice"
"I was surprised by how much walking I did during my first semester.","experience"
"I found my closest friends through a student club rather than my classes.","experience"
"My commute became much easier once I started using the RTD bus pass.","experience"
"I had trouble finding housing at first, but eventually found a place through Ralphie's List.","experience"
"I changed majors after my first year and it ended up being the right decision.","experience"
"I was intimidated by office hours initially, but they ended up being very helpful.","experience"
"I lived off campus and enjoyed having more independence.","experience"
"My professors were more approachable than I expected.","experience"
"I underestimated how expensive rent in Boulder would be.","experience"
"I spent most of my freshman year studying in Norlin Library.","experience"
"The cost of living in Boulder is too high for most students.","opinion"
"Norlin Library is the best place to study on campus.","opinion"
"The bus system is more convenient than driving to campus.","opinion"
"Freshmen should not bring cars unless absolutely necessary.","opinion"
"The engineering program is worth the workload.","opinion"
"Finding affordable housing near campus is nearly impossible.","opinion"
"CU Boulder offers a better college experience than many comparable schools.","opinion"
"Large lecture classes make it harder to connect with professors.","opinion"
"The recreation center is one of the best facilities on campus.","opinion"
"Living in the dorms helps students adjust to college life.","opinion"
"What are some easy ways to meet people as a freshman?","question"
"How difficult is it to find off-campus housing mid-year?","question"
"Which residence hall is closest to engineering classes?","question"
"Is the Buff Bus reliable during winter?","question"
"What are the quietest dorms on campus?","question"
"How much should I budget for food each month in Boulder?","question"
"Are there any hidden study spots that students recommend?","question"
"How hard is it to balance a part-time job with classes?","question"
"What is the best way to get involved on campus?","question"
"Do most students bring cars to CU Boulder?","question"
"Visit your professors during office hours at least once early in the semester.","advice"
"Start looking for housing several months before your lease ends.","advice"
"Use a planner to keep track of assignments and exams.","advice"
"Take advantage of free campus resources before paying for outside services.","advice"
"Try a few different clubs before deciding which ones to stick with.","advice"
"Bike to campus if you live nearby and want to save time.","advice"
"Introduce yourself to classmates during the first week of classes.","advice"
"Keep digital copies of important university documents.","advice"
"Use tutoring services before you fall behind in a course.","advice"
"Explore Boulder beyond campus during your first semester.","advice"
"I was worried about the size of CU Boulder, but I adjusted quickly.","experience"
"My roommate and I became close friends during our first year.","experience"
"I switched from driving to taking the bus and saved a lot of money.","experience"
"I found my first internship through a campus career fair.","experience"
"I struggled in my first math class but improved after using tutoring services.","experience"
"I enjoyed living in the dorms because it was easy to meet people.","experience"
"My favorite study spot ended up being a small corner in Norlin Library.","experience"
"I had a difficult first semester, but things improved once I developed better study habits.","experience"
"I met most of my friends through student organizations.","experience"
"I was surprised by how active campus life is on weekends.","experience"
"The housing situation for students needs significant improvement.","opinion"
"The Buff Bus system makes getting around campus much easier.","opinion"
"Parking tickets around campus are too expensive.","opinion"
"The best part of CU Boulder is the combination of academics and outdoor activities.","opinion"
"Living off campus gives students more freedom.","opinion"
"Many students underestimate the importance of time management.","opinion"
"The university should provide more affordable dining options.","opinion"
"Large universities offer more opportunities than small colleges.","opinion"
"The recreation center is worth the student fees.","opinion"
"Boulder is an amazing place to live if you enjoy the outdoors.","opinion"
"What are the easiest ways to get involved during the first semester?","question"
"Which dorms have the best location on campus?","question"
"How difficult is it to get an on-campus parking permit?","question"
"Are there any good places to study late at night?","question"
"What clubs are most popular among engineering students?","question"
"How much does off-campus housing usually cost per month?","question"
"Is the gym crowded during the semester?","question"
"What are the best coffee shops for studying near campus?","question"
"How hard is it to change majors at CU Boulder?","question"
"What are the best ways to find roommates?","question"
"Take advantage of career fairs even if you are not looking for a job immediately.","advice"
"Do not skip class just because attendance is not required.","advice"
"Find a consistent study routine early in the semester.","advice"
"Introduce yourself to professors in smaller classes.","advice"
"Look at degree requirements before registering for courses.","advice"
"Use campus resources before problems become emergencies.","advice"
"Attend campus events if you are trying to make new friends.","advice"
"Keep track of scholarship and financial aid deadlines.","advice"
"Try living close to campus if your budget allows it.","advice"
"Explore different student organizations before committing to one.","advice"
"I made most of my college friends through clubs and student organizations.","experience"
"My first year was stressful, but I learned how to manage my time better.","experience"
"I found office hours much more useful than I expected.","experience"
"I lived with roommates off campus and it helped reduce expenses.","experience"
"I struggled with the transition to college during my first semester.","experience"
"I found my favorite classes after trying subjects outside my major.","experience"
"I used the recreation center regularly and it improved my overall college experience.","experience"
"I met helpful mentors through campus organizations.","experience"
"I relied heavily on the free bus system throughout my time at CU Boulder.","experience"
"I enjoyed the balance between academics and outdoor activities in Boulder.","experience"
"The cost of parking discourages students from driving to campus.","opinion"
"Norlin Library provides the best study environment on campus.","opinion"
"Students should be encouraged to use public transportation more often.","opinion"
"The housing market around Boulder is too competitive for students.","opinion"
"The university offers plenty of opportunities for students who seek them out.","opinion"
"Living near campus is worth the extra expense.","opinion"
"The academic workload is manageable if students stay organized.","opinion"
"Campus events are an underrated part of student life.","opinion"
"The location of CU Boulder is one of its biggest advantages.","opinion"
"Most students would benefit from getting involved outside the classroom.","opinion"
"What are the most useful campus resources for new students?","question"
"How difficult is it to find internships through CU Boulder?","question"
"Which residence halls are closest to dining facilities?","question"
"Are there good places to study off campus?","question"
"What classes do students usually recommend for first-year electives?","question"
"How early should I arrive to find parking on campus?","question"
"Which student organizations are best for networking?","question"
"How crowded are the libraries during finals week?","question"
"What are the best ways to save money as a student in Boulder?","question"
"How easy is it to get around campus without a car?","question"
"Meet with your academic advisor at least once every semester.","advice"
"Apply for internships earlier than you think you need to.","advice"
"Use library resources instead of buying every required book.","advice"
"Build relationships with professors before asking for recommendation letters.","advice"
"Do not overload your schedule during your first semester.","advice"
"Take advantage of free student events around campus.","advice"
"Look for housing options before peak leasing season begins.","advice"
"Attend review sessions before major exams.","advice"
"Use campus recreation facilities to stay active and reduce stress.","advice"
"Get familiar with the bus routes before classes start.","advice"
"I found my favorite professors by taking classes outside my original interests.","experience"
"My first campus job helped me build valuable professional skills.","experience"
"I was able to improve my grades after attending tutoring sessions regularly.","experience"
"I made friends more quickly once I started attending campus events.","experience"
"I found Boulder to be more expensive than I expected before moving here.","experience"
"I enjoyed having access to hiking trails so close to campus.","experience"
"I struggled with time management until I started using a planner.","experience"
"I found that smaller classes encouraged more participation.","experience"
"I benefited from joining study groups in challenging courses.","experience"
"My college experience improved significantly after getting involved in student organizations.","experience"
"The university should expand affordable housing options for students.","opinion"
"The free student bus pass is one of the most valuable benefits at CU Boulder.","opinion"
"Parking availability is one of the biggest frustrations for commuters.","opinion"
"Students who join clubs tend to have a better college experience.","opinion"
"Off-campus housing prices make budgeting difficult for many students.","opinion"
"The campus provides enough opportunities for students who are willing to participate.","opinion"
"The best study spots are often the less crowded locations on campus.","opinion"
"Living in Boulder offers a unique balance between academics and outdoor recreation.","opinion"
"Many students worry too much about finding the perfect dorm.","opinion"
"The sense of community at CU Boulder is stronger than people expect.","opinion"

